{"count":1,"self":23.0622304,"total":250.47926049999998,"children":{"InitializeActuators":{"count":36,"self":0.0020017999999999998,"total":0.0020017999999999998,"children":null},"InitializeSensors":{"count":36,"self":0.0024912999999999997,"total":0.0024912999999999997,"children":null},"AgentSendState":{"count":13917,"self":3.1962601999999998,"total":13.0643558,"children":{"CollectObservations":{"count":501012,"self":1.0714607999999999,"total":1.0714607999999999,"children":null},"WriteActionMask":{"count":501012,"self":0.80429319999999993,"total":0.80429319999999993,"children":null},"RequestDecision":{"count":501012,"self":3.1224072,"total":7.9923416,"children":{"AgentInfo.ToProto":{"count":501012,"self":2.311254,"total":4.8699343,"children":{"GenerateSensorData":{"count":501012,"self":2.5586804,"total":2.5586803,"children":null}}}}}}},"DecideAction":{"count":13917,"self":213.488128,"total":213.4881328,"children":null},"AgentAct":{"count":13917,"self":0.8502162,"total":0.8502162,"children":null},"AgentInfo.ToProto":{"count":324,"self":0.00531,"total":0.0088142999999999989,"children":{"GenerateSensorData":{"count":324,"self":0.0035042999999999997,"total":0.0035042999999999997,"children":null}}}},"gauges":{"MoveToGoal.CumulativeReward":{"count":324,"max":1.45445132,"min":0.486043155,"runningAverage":0.8538162,"value":0.7797267,"weightedAverage":0.665300846}},"metadata":{"timer_format_version":"0.1.0","start_time_seconds":"1688493793","unity_version":"2021.3.19f1","command_line_arguments":"C:\\Program Files\\Unity\\Hub\\Editor\\2021.3.19f1\\Editor\\Unity.exe -projectpath D:\\mlagents extract\\Unity-advanced-development-final-project -useHub -hubIPC -cloudEnvironment production","communication_protocol_version":"1.5.0","com.unity.ml-agents_version":"2.3.0-exp.3","scene_name":"TempML","end_time_seconds":"1688494043"}}