{"count":1,"self":9.5917839999999988,"total":57.687196099999994,"children":{"InitializeActuators":{"count":1,"self":0.0015034,"total":0.0015034,"children":null},"InitializeSensors":{"count":1,"self":0.0010008999999999999,"total":0.0010008999999999999,"children":null},"AgentSendState":{"count":9901,"self":0.1149494,"total":0.4387085,"children":{"CollectObservations":{"count":9901,"self":0.039799999999999995,"total":0.039799999999999995,"children":null},"WriteActionMask":{"count":9901,"self":0.0211037,"total":0.0211037,"children":null},"RequestDecision":{"count":9901,"self":0.0932759,"total":0.26285539999999996,"children":{"AgentInfo.ToProto":{"count":9901,"self":0.061739499999999996,"total":0.1695795,"children":{"GenerateSensorData":{"count":9901,"self":0.10783999999999999,"total":0.10783999999999999,"children":null}}}}}}},"DecideAction":{"count":9901,"self":47.602156799999996,"total":47.602156099999995,"children":null},"AgentAct":{"count":9901,"self":0.052042899999999996,"total":0.052042899999999996,"children":null},"AgentInfo.ToProto":{"count":8,"self":0,"total":0,"children":{"GenerateSensorData":{"count":8,"self":0,"total":0,"children":null}}}},"gauges":{"MoveToGoal.CumulativeReward":{"count":8,"max":50.27037,"min":-0.179849848,"runningAverage":6.769192,"value":1.2942332,"weightedAverage":5.84166336}},"metadata":{"timer_format_version":"0.1.0","start_time_seconds":"1688509489","unity_version":"2021.3.19f1","command_line_arguments":"C:\\Program Files\\Unity\\Hub\\Editor\\2021.3.19f1\\Editor\\Unity.exe -projectpath D:\\mlagents extract\\Unity-advanced-development-final-project -useHub -hubIPC -cloudEnvironment production","communication_protocol_version":"1.5.0","com.unity.ml-agents_version":"2.3.0-exp.3","scene_name":"TempML","end_time_seconds":"1688509547"}}